release	have	want
26525645	0	0
8055872	1	0
10870265	200	29
6811153	205	242
9827641	14	0
14721790	73	1
22840214	1	0
23885210	142	94
33846450	3	2
19333816	1	1
13511026	5	4
12441742	13	1
21371326	1	0
4706849	36	38
6633398	13	26
23386865	1	0
8523838	148	27
4859861	7	2
5959248	75	1
9625047	69	30
13000506	5	3
6109727	29	3
10739676	2	0
17463187	0	1
21447535	1	0
15926012	3	2
9841594	52	1
7043198	5	2
21261367	4	3
13713000	1	0
16225615	2	0
16389996	1	1
12316446	1	38
5918149	10	5
21825430	11	10
10159209	1	0
8707078	2	19
35298475	1	0
12707521	36	22
16138255	1	0
7327798	273	77
15398010	7	8
15354610	7	1
11142571	29	43
10248210	12	3
8524104	103	39
11636642	40	5
15546052	2	2
28276798	0	0
15348255	13	0
13326782	5	13
15588903	27	8
6493793	17	2
35358895	0	0
15066978	7	3
9449523	3	21
17233765	1	7
6859337	1	0
34520356	1	0
35445400	1	0
15442369	0	0
4975404	9	4
14628756	0	0
22986989	3	0
24104516	1	2
20400187	10	14
13955471	0	3
31064123	43	15
13980992	6	5
8331822	0	0
9244005	4	0
11398331	26	11
11495137	0	1
13483262	26	28
14151882	0	0
8301131	9	6
13297051	55	12
24080471	2	0
4905354	16	4
10058207	7	22
23509769	6	0
5951429	49	3
10954562	26	52
10073093	41	40
15509823	0	7
7232269	1	0
6381596	4	4
6700226	17	5
10572656	14	35
14246997	6	0
11147388	1	0
7213945	0	1
21332389	2	0
31065422	0	0
11941693	3	10
24494039	0	8
11198537	2	6
17204527	16	6
34990118	1	0
8733330	15	29
5054025	11	64
15644918	5	11
15925507	37	244
6308472	2	21
17126586	2	0
6434079	75	21
6602542	5	1
15591229	87	34
18355054	9	13
30023800	0	0
8248994	20	20
16504464	4	61
22024009	3	7
7171895	4	11
19945699	4	6
31782743	0	1
23816885	0	0
11350946	64	180
28131256	0	0
34769363	1	1
10591296	14	4
15940583	2	0
14834495	1	0
24842756	6	69
8772916	123	11
25191742	7	1
28788817	148	26
7775197	5	20
29229787	2	24
28118242	1	0
4933557	3	0
14835367	0	0
8434494	0	0
34455952	0	0
6370268	17	34
4700580	25	6
9023577	21	5
10644769	1	0
34724895	1	5
13822664	0	0
28278691	11	3
7647385	0	0
31766024	1	0
11127629	6	7
5938666	4	7
6255917	2	2
7909575	38	23
11884094	2	0
26161613	10	6
27901350	0	0
10209948	11	8
5902209	6	2
11597694	35	48
12270215	14	1
32077098	2	0
8595356	24	12
16236941	90	11
33331098	0	1
32308017	11	3
13207929	23	5
32766249	1	0
34371124	0	0
32766735	2	0
9993344	2	2
15025427	4	2
5388308	34	27
13373464	6	0
10064388	22	15
10660308	6	1
8559073	3	22
15868744	1	9
10907779	5	0
21591589	9	4
9162930	0	1
21447745	2	2
21223006	0	0
9499082	30	169
11450756	12	1
14379660	1	0
28856125	6	0
6916759	325	61
10415230	33	7
8843856	1	4
9998404	6	0
6713272	43	73
7537926	6	8
13422208	12	13
15131588	4	0
10999650	3	3
25630051	0	0
5408295	12	3
15920767	23	4
5938017	14	2
21905944	2	4
8911718	12	2
11142143	6	24
9218449	3	3
16926135	0	1
13032696	2	13
31080974	104	32
8841305	3	10
9018889	11	8
15998771	1	0
16097102	1	0
25139638	1	0
4881498	39	23
15122612	1	0
21198142	21	4
10148547	7	0
6161464	28	64
20398687	3	0
12425257	5	0
31377468	1	1
10960650	1	0
14864375	1	1
12368545	4	2
6873898	19	75
14563280	9	6
16819323	0	1
5859366	1	0
15446713	3	1
14862867	7	1
15834956	2	1
18894478	6	7
20325001	18	3
21009838	0	0
30370004	1	0
11248097	7	9
31377031	3	6
8955628	30	29
32342937	1	2
27639378	1	3
15395650	6	4
35097350	0	1
7371590	3	9
34150903	3	0
20566402	62	9
5788682	13	1
5517749	10	26
7059701	4	1
8188583	94	6
15038773	3	1
35515927	2	3
9458700	1	0
9738972	7	2
8094400	18	20
14137706	1	15
19160293	7	9
11088356	8	33
34460341	1	2
13084364	31	0
13459500	3	2
14033325	0	0
14621722	4	5
17397307	5	17
9299888	6	15
13840877	23	119
5613758	45	16
11464128	4	14
34289500	0	0
11214020	35	29
12516004	0	0
15081316	0	5
5089647	39	60
15559972	0	0
23993981	7	1
31142093	4	4
7618292	8	3
5493217	58	8
13750692	14	8
25452529	1	1
19061932	5	1
21528001	22	41
35516200	0	0
7718494	1	2
5239826	10	48
4797576	869	136
5248856	16	6
15252359	1	1
13514181	5	0
11286478	0	7
12818766	14	5
11317720	3	1
6926928	184	160
6960235	298	183
6631880	1	2
5543662	19	98
6459638	18	5
12903264	5	3
12999622	0	0
13023387	1	2
15628062	1	1
18771466	1	2
25632946	0	1
27769449	1	0
34227853	0	0
30197204	2	4
24051716	4	8
23036126	2	1
11427238	0	0
5929382	15	9
10839727	1	0
22966136	6	1
7098273	12	8
10107719	19	1
22240198	1	0
9239383	12	1
12347624	3	3
25954615	19	10
25711861	1	3
5291692	1	0
15995523	1	0
14822698	5	23
12421033	4	7
7942298	6	4
8424152	3	0
23096903	0	1
8440240	5	12
6660118	3	7
12866446	3	1
28543078	3	1
9006654	11	7
12663637	2	11
5705167	46	7
8753916	32	218
26340674	4	3
11918450	0	1
12263276	1	2
7334987	6	44
5469843	2	0
15579721	1	0
5055314	69	16
29712220	0	0
33396374	0	0
20596510	71	15
4984035	4	2
5958865	29	271
31123943	0	0
19609360	0	2
10134250	45	1
8483563	17	4
24558551	4	1
15533247	2	0
13238860	0	4
29338897	2	2
14652984	16	7
5159068	639	484
30025909	6	1
5052668	1	1
14410171	0	5
26581877	1	0
11321103	1	3
11776878	3	8
15061436	0	0
34405519	1	0
13390805	5	2
11372717	5	5
11511605	3	2
20179450	9	1
13130991	3	1
22983452	99	32
6992761	97	406
11505586	4	4
12328331	1	0
25368400	6	1
28973179	3	0
5516583	4	6
32379090	1	0
29627638	0	1
13336729	0	4
31347355	2	0
4865865	35	18
5714320	12	11
17408935	31	19
5259097	27	56
25028044	1	1
9253764	7	3
15581199	7	10
27640017	5	4
31262116	2	0
20594764	1	4
14745438	0	0
12518177	13	4
33562242	1	0
12259249	0	0
32262006	3	2
22322737	2	3
19823077	6	3
18147118	6	0
24759731	4	19
9490473	16	2
23545829	2	4
6250794	87	4
18426361	16	4
28538980	15	3
9235663	1	1
30495349	1	0
11559862	9	5
12624787	9	1
25409794	16	5
30421478	1	1
11656282	19	22
26703674	0	0
9650351	1	0
33030249	16	4
18834661	19	3
5016914	2	0
32154441	33	12
8055451	22	10
12752220	13	4
33064176	13	3
6208704	35	9
5295844	28	5
8565851	5	7
10230558	16	93
10789263	1	8
12485224	21	5
13654939	3	3
15097591	3	1
18696943	1	0
20930674	0	0
30379760	1	0
5387265	0	0
22503833	4	2
12787129	21	15
13729147	4	2
5153346	53	17
8990407	6	4
13505028	15	47
10941555	6	18
5244202	31	18
6040507	5	20
5823104	67	20
8923786	3	1
25163065	1	0
8313537	2	3
5369758	52	33
7982782	5	19
14341401	101	46
15764406	17	10
7565412	1	0
16281755	89	5
5489762	107	17
6876302	2	3
13041739	28	14
10841341	101	177
19832632	2	1
6286971	1	0
13729807	13	2
18318652	65	43
10831891	3	0
18026227	0	1
5158074	2	3
13455475	0	4
9266308	4	1
16301101	1	1
31470512	0	0
9733805	3	0
7530711	20	10
8164906	2	1
20417008	0	0
5402630	7	10
8638856	92	5
9238997	33	10
14005617	3	1
13108523	2	3
16734027	5	0
26988345	1	1
33473834	14	0
13651387	7	12
5225263	18	1
6025863	105	73
7900007	1	1
6615179	47	32
12463857	5	1
15223307	7	87
9537842	0	4
15963595	2	6
20360041	96	12
6723243	3	12
30423290	0	1
16535061	2	8
24306548	0	0
33006579	3	0
5037551	49	4
5892751	5	1
12444930	1	1
15632089	8	3
5597242	14	4
8137257	36	16
8442174	9	6
11070797	0	8
5640421	18	23
12632094	3	0
25453735	72	63
14230716	4	8
6076054	134	47
21009928	2	0
6416663	0	1
8613819	6	23
27708867	1	1
9424267	4	3
34591438	1	0
13036156	9	8
5783241	77	18
5311183	12	2
11387694	73	49
22360258	1	0
25944454	2	0
15689384	0	0
33576990	1	0
9368505	16	35
14712197	3	2
33490283	0	0
8925712	5	13
27985956	5	5
7317609	0	1
31238992	2	23
7961950	0	0
22956236	27	4
19715854	5	2
7454188	10	6
18844558	2	0
11408277	16	0
27926187	0	0
7420075	38	13
23676038	0	1
14999881	4	0
26014531	1	2
27520479	1	0
9769272	4	9
14948935	2	8
27714462	4	2
34135978	35	17
8373368	3	26
14901842	7	4
6673736	1	5
35067314	2	1
25086229	29	8
23061587	20	14
10806104	5	6
13539334	16	1
31244365	0	0
9336378	53	1
8614318	35	51
23784767	8	1
34687323	1	9
17806453	18	1
6014349	5	1
26996529	0	0
9391774	63	28
29814796	0	0
12184418	57	39
9781823	1	2
11301077	4	2
20693926	1	0
8187645	90	38
24441299	4	1
30698488	4	1
9969893	4	0
14364723	14	3
18959593	5	0
21369349	9	10
25992559	0	0
19307620	7	0
14682973	14	3
9989191	2	3
10220132	0	0
33168972	2	3
6085575	0	0
11892832	4	3
5561323	5	1
6158327	15	13
12158672	59	22
10340800	17	17
6124602	11	2
14148872	7	14
5235154	1	0
14584054	8	10
26909927	130	52
27894024	16	9
32572194	1	0
24390734	250	19
9369818	0	2
28928257	0	0
27937668	5	1
9478989	10	8
12062977	11	5
15144950	16	2
28553725	1	0
18494833	1	4
18892765	30	3
17327668	5	0
12797741	2	0
5297639	6	6
4822181	33	39
25085584	7	2
7627135	6	4
11297461	1	2
9007198	0	1
8815458	4	3
34776407	43	12
17963749	22	23
7912110	12	2
24535916	23	3
8255044	3	1
9527762	18	4
30540466	5	3
12690769	164	27
16556796	2	0
6393812	6	86
11871881	16	3
24296618	5	7
5817651	8	23
33431858	1	0
5312779	0	1
6505177	56	59
6660201	6	10
11360358	88	77
8687118	310	60
6693595	0	0
4940478	3	2
8926620	95	64
13136799	0	3
13475230	3	0
15616435	0	0
24066866	2	0
10692151	4	1
14156735	1	0
5752616	1	3
33939249	12	0
25779334	3	1
6997701	3	0
6805180	7	1
5408320	3	12
25927906	6	0
15435485	2	1
15255007	4	6
10828801	0	1
13975681	2	0
22389451	28	29
9938545	14	14
24973996	2	2
5803164	2	0
8556996	5	1
11884576	10	25
6193859	4	0
8309468	8	1
13408679	3	0
5607101	20	32
25220080	14	0
32838321	1	2
34531831	1	2
9499423	5	12
10311860	10	136
12436801	28	2
12540897	5	0
19668934	16	1
11595046	0	0
10438518	17	31
15583539	6	3
20682364	2	0
29080429	10	8
6331872	2	2
15528382	1	11
10416229	1	0
24433082	4	12
31010515	8	6
8131058	70	4
6288704	4	0
5558411	16	10
24250115	1	0
15533065	28	31
14521675	1	1
10358685	10	5
20189935	1	0
4969535	8	69
14213332	1	1
23644730	0	0
28064544	2	0
6022612	7	3
14777843	8	4
35316961	20	2
21140350	1	1
25231900	1	3
32375247	1	0
18747151	3	2
20584363	1	0
20585335	8	14
26810114	2	0
34105333	0	0
6884937	2	0
14394918	8	1
24438458	1	4
11460119	4	69
15200552	0	0
15297673	22	22
13989783	3	20
11355971	767	991
15472938	4	2
6553941	12	19
13408175	0	0
4892191	39	8
14642780	2	1
26844149	4	2
5465179	8	2
5077651	3	1
15984268	0	1
8060431	5	121
9199045	5	184
12472167	0	0
18050467	2	1
10655765	28	9
8401954	35	15
29188837	0	0
8379086	35	24
23672801	2	0
7107863	12	0
34373311	0	0
4749901	49	7
13258959	12	15
13751764	3	4
28660024	1	0
9354895	81	18
6419537	5	1
8243453	26	11
15129799	1	1
20538145	4	0
19383985	2	0
7044519	21	49
30576877	10	20
12613647	1	1
32240901	0	0
18184279	3	2
34288936	1	0
6223933	7	7
29847730	1	4
34740012	1	2
22814258	1	2
31195093	1	6
6547067	66	2
8374448	91	12
8337138	24	4
14598253	2	0
10583542	8	2
10068375	6	0
11476479	84	87
8605838	79	5
14743066	1	24
9900576	1	0
15135926	3	1
23752121	1	1
13217195	102	5
10651644	3	2
8341370	16	26
13772487	1	1
6414001	41	16
17979049	5	2
29999161	8	2
8826592	50	59
13029277	10	2
12715442	22	5
4847424	142	164
7650812	4	4
9479573	82	51
12107222	166	24
7681365	1	1
33681120	1	0
6113125	41	9
12551968	3	0
35229298	0	0
28820950	280	45
11624440	1	1
9053413	36	6
25636204	3	0
11799691	4	107
22273543	0	0
11774603	1	0
5700445	155	6
13058722	11	195
12701642	29	8
14124439	13	83
23048225	1	4
27694419	1	3
19506133	7	1
30926463	29	33
17561242	7	1
20988019	3	28
34893467	1	4
6366158	57	19
8225638	3	13
10223198	16	0
16210370	4	5
13068464	3	2
10075717	44	4
20283229	19	9
23839253	3	1
6472505	16	18
20768953	1	1
23083634	1	0
5113176	7	11
9056298	20	73
14535911	2	6
23752325	2	5
10620674	10	5
4694124	1	1
14563191	4	2
28092517	1	0
15043670	2	8
5558360	176	19
8964822	21	4
11203052	10	5
14458148	2	0
11925071	2	2
11478040	1	0
14431882	1	3
12949803	4	3
18013414	21	4
6800881	30	14
27383754	0	1
8076482	1	2
4676821	8	2
14353729	4	5
5011926	50	14
8118420	2	0
17877313	2	4
18761647	0	19
4846687	1	3
16052796	1	7
5702825	19	24
20974120	0	0
17343364	7	6
14744851	1	0
18076084	6	5
11074502	0	1
16602588	2	0
8402635	18	18
14301108	7	5
24546494	0	0
29908819	39	2
18658261	4	3
6363946	746	276
31817705	0	1
30862200	1	0
29650888	1	0
31862411	0	0
30690364	3	6
16356702	8	3
6323785	17	14
6236326	60	3
7847312	2	1
10174191	10	1
6620419	14	3
10892928	7	2
8278257	1	7
7597517	30	9
12479268	4	1
4946777	120	3
8825460	16	0
5265664	17	14
11007398	18	2
6331046	2	2
5025630	52	13
5808361	5	0
11227142	8	6
14914327	4	4
6184763	50	37
29137306	0	3
15875737	2	7
8772963	13	5
33529677	1	0
7460087	2	3
7906591	11	7
25632205	0	2
5945260	3	1
32824953	5	1
10115799	18	5
6714072	16	14
8631786	29	4
14974916	1	2
35520343	21	14
5177070	2	2
20791402	1	2
7782135	1	0
10487748	2	2
25732270	192	62
5793932	29	5
10831986	13	23
11565617	6	5
9931545	22	35
12743033	7	5
5679853	92	8
13710030	1	0
21412966	1	1
33963072	0	0
11787126	7	26
9870315	32	52
14479101	1	16
25142509	8	9
6142547	711	16
32745699	48	24
8135955	5	0
23642345	3	2
5828896	132	3
10405104	2	6
18234811	0	0
34234093	0	0
16302914	48	97
6565493	13	31
12538662	25	4
34286269	3	0
12588815	4	8
27896493	1	1
6572464	8	1
7216322	16	7
16111096	19	72
14275549	1	0
14899208	22	20
28454974	0	0
17052963	5	7
20152906	5	2
21860341	2	2
16098646	1	1
7320946	61	24
13345845	107	93
20570269	1	3
22831151	9	3
4724628	22	418
13182395	2	4
7919477	13	4
10976910	6	10
5110899	137	119
12371826	20	2
26895461	4	0
23404796	1	23
13065671	0	1
29697871	40	8
24737066	1	0
8395683	38	4
12178331	2	1
25877461	4	10
31224016	0	0
26184836	3	0
29198137	0	0
15979080	6	1
24987967	0	0
8682862	19	2
10468276	3	2
28122598	11	2
7211583	5	1
8664731	5	2
26993940	1	0
33567507	2	1
5130269	50	29
24333593	119	15
11308895	0	0
29718196	0	0
7433064	4	1
14258998	112	17
27934704	6	1
16751235	0	0
14949270	5	2
12218791	3	2
30769917	1	1
5399466	152	514
5212829	131	12
10563953	9	2
14044558	1	3
14997391	0	0
21030241	3	13
11788316	2	3
8447056	1	0
32771262	3	0
7470595	9	22
25951876	0	0
33285927	1	4
11056015	0	0
17360758	0	3
24471536	3	3
14502402	1	4
25215760	12	2
27342924	1	0
9571781	4	2
32063853	1	0
5986850	27	7
32752776	29	3
19775371	2	2
16217853	5	0
33817710	0	1
25804435	1	2
29149666	3	1
6710333	0	0
12583963	407	487
28027548	11	3
13187564	5	46
7064788	34	30
12420006	8	7
15649784	2	5
12519949	0	0
10763304	13	35
5792419	9	92
13681923	7	1
5789924	2	1
16418643	36	52
14869333	3	1
13205853	4	2
11424525	34	91
17233348	0	0
14507007	8	0
11702132	8	3
4872535	27	7
19803961	8	73
6192947	45	2
5350675	24	9
7335822	20	19
33109653	0	0
25896064	0	0
35484721	0	0
12081939	1	1
5601730	16	4
25236577	45	8
8282000	2	1
12204152	13	5
23014043	3	4
15031826	4	0
23202881	1	4
27995871	1	0
30473606	4	1
18207346	5	1
30927033	5	21
14587608	0	1
25849192	4	1
8198060	110	35
15983970	1	0
13151774	16	28
27395754	1	1
11241631	3	3
16706694	23	19
7085439	11	0
6085606	17	4
29071093	1	1
5064003	125	141
10643730	5	6
27975810	2	5
8557000	3	1
11108504	18	17
9219870	4	4
4859309	13	4
27234309	2	0
9518749	14	10
34107406	1	0
20412493	1	4
28610926	5	10
17505601	5	21
7183663	30	12
4767042	47	74
12202848	6	1
15728767	5	0
15495198	12	7
4837705	10	47
27274824	6	0
15601451	126	149
35130167	0	1
32060772	0	0
19561039	2	1
10657872	4	8
28635595	1	1
26196638	1	13
13366649	4	0
13916071	4	7
21807394	1	3
32219832	0	0
11408216	1	0
9447798	8	1
12735211	9	11
13580250	1	6
33782763	1	0
23905379	29	15
13152798	1	3
10130171	5	0
12190993	1	0
6034047	40	16
19727887	0	1
16404015	0	0
11894215	2	0
26333462	11	25
11401494	7	1
16998738	0	0
11261980	4	2
10807444	29	6
13648062	15	5
5787268	23	52
20226175	3	9
34573750	41	30
12400667	13	11
9064192	79	2
25592458	5	1
7262046	41	2
33993999	2	0
23163197	2	0
6708046	1	1
10403495	1	1
24774728	0	0
27725394	0	0
10104933	4	1
7510527	576	127
11224165	31	35
15402390	0	0
15017661	1	0
8079514	6	4
16265219	2	0
14128651	4	12
14975855	0	0
20136061	4	0
11977033	3	0
4832577	13	11
19917775	217	26
23760536	4	0
14080317	2	15
12524984	0	0
16196122	5	2
27065262	1	3
28646557	1	3
10321456	23	142
12588840	4	6
9494345	56	3
10853910	19	3
9961897	0	1
13336545	7	8
20985520	1	0
12825819	0	2
23287346	40	11
8530016	19	17
7855769	10	6
15206191	9	0
13399228	1	3
6409542	4	20
26468540	2	19
12559938	1	0
14245842	29	17
5301070	44	7
24184466	4	2
5383919	24	20
6113303	4	3
12234663	13	3
22078111	45	9
15325882	0	0
8233611	12	1
25489219	1	0
26016733	3	0
11054008	32	7
6556136	0	3
9839994	16	15
16038547	230	247
32720760	2	0
24104084	2	0
19753333	2	1
6959901	450	205
22932179	0	0
9787778	7	5
14673015	20	12
15375111	5	29
30742789	1	0
5855863	89	121
13323950	1	14
16901097	0	1
29042425	0	0
9980082	31	6
7072634	33	36
9006910	4	0
10851579	1	12
32132340	195	136
9434019	0	0
31464917	3	6
15348976	2	0
22589318	7	0
19048687	0	0
5186170	76	6
28824196	0	0
12086275	2	7
12498043	3	5
13839259	2	0
29440516	3	2
34626916	0	2
10872189	16	47
11997264	0	0
15419843	0	0
9933878	15	7
16199878	1	2
34483894	0	1
25669642	5	6
12019266	4	77
4929392	7	8
11968268	29	73
13758231	382	293
13865842	0	2
10016316	3	2
13192932	4	1
17650780	2	89
13913041	11	1
33664614	0	0
12753698	93	88
12764750	3	0
19470256	178	23
10898855	1	0
18421159	1	0
22864061	0	2
7863439	52	75
17730721	1	2
20577238	0	0
13792494	510	161
10062080	5	11
30714836	0	0
21800146	15	12
29594113	0	0
32287932	3	1
13070295	19	1
31670054	1	0
6399365	0	0
14757057	0	0
22111414	0	0
25540459	0	0
10507209	0	9
13291978	0	0
13271528	0	0
7351656	20	1
5225864	31	4
7087822	7	5
12009823	0	1
16298312	1	1
29542963	0	0
14281930	43	8
11813576	38	6
15807831	6	0
17754775	2	0
28132636	11	2
24964744	124	30
25496536	0	0
31047571	3	1
30821895	1	0
7383111	17	5
11539612	65	1
16175423	0	6
27960258	3	3
11154010	91	22
11616291	3	0
13820664	11	1
30545941	4	0
30068887	1	4
20672374	2	1
14216394	12	76
12876047	4	2
6460722	489	325
5330267	155	20
29938957	2	0
13100973	0	0
5088780	11	161
5917023	12	1
12502995	4	1
8398997	50	47
6000090	28	23
12514787	0	5
12450255	9	18
10257175	1	5
30456113	3	0
13122280	89	27
6619439	6	4
12443438	15	9
11903105	10	3
30281216	1	1
21126589	1	0
35180026	1	0
10999362	2	12
13722317	44	13
13201354	2	0
17510437	3	10
21423262	21	11
28735108	1	1
13656126	2	1
8621225	28	3
14321839	3	0
18909181	6	2
5027598	13	9
15637385	9	5
8341035	21	2
5512127	1	28
14038105	2	0
18272815	1	0
20045293	3	29
11979382	4	2
33156138	2	0
8610301	6	38
19673212	3	0
26932409	0	0
20365138	9	0
6516027	349	252
21610897	1	0
15686211	9	11
24254420	31	4
22501526	3	1
4800098	6	0
28183414	0	1
22704194	1	0
23951801	0	0
5490254	1	6
6279859	15	30
11403364	5	15
18580231	1	3
31884151	25	3
5006221	31	87
17237662	3	6
19589536	53	80
8218957	0	0
31513481	4	0
25224265	0	0
26858045	1	1
18002746	10	1
8527818	2	1
28274647	1	0
9157950	1	0
6823767	38	12
5845124	18	4
8200480	198	29
13490249	10	9
25175287	2	1
15835160	0	0
15984980	28	11
14750374	3	0
4769577	9	32
8170786	36	101
13788377	6	1
14914887	3	1
34969757	1	2
15843077	18	2
8049239	3	0
32012303	0	0
16589040	0	1
7086003	3	3
14316188	1	12
33825966	0	0
6211749	35	21
11280688	0	1
4712594	38	12
7943823	0	0
20576446	181	55
12161523	1	0
17978806	35	35
5053238	38	4
8154096	11	2
11841893	18	12
7932081	83	39
8627949	12	6
6339430	12	0
7474245	5	3
30232325	1	1
7671368	3	5
21880114	11	1
4935782	62	9
4801398	8	12
31577479	48	20
17479993	2	7
26512628	8	3
5700936	24	2
15061781	2	1
5980539	99	2
23410727	1	0
14268412	3	0
15343696	4	2
11743138	1	0
9743069	5	3
9223383	5	3
9951192	25	4
33830142	1	0
16100797	3	5
6459006	19	54
18644881	2	0
29331259	1	0
18813430	0	18
14336939	2	1
4897535	0	0
7335648	14	3
11910602	65	3
6478839	22	30
17165857	0	0
8836673	49	3
20190055	2	1
6890563	26	12
22467676	1	15
7913137	5	0
14466894	2	6
6111574	11	0
6403935	21	22
14315721	3	9
20104876	92	28
14808860	0	0
23398928	5	4
6362714	17	9
12994368	33	4
9764788	14	113
10820129	4	1
4865608	91	2
15395769	1	0
8645805	49	8
8623203	27	33
34511605	5	3
25006405	92	41
19775764	1	1
12663129	0	1
11352074	2	5
18794485	23	12
9328740	79	15
14010000	26	63
31890859	3	0
6861937	4	5
11283830	3	16
9937010	2	0
8447132	9	11
19067380	0	0
6581300	2	6
15348823	4	0
7873552	17	0
9205649	23	17
33126189	98	52
33907428	2	10
31571530	1	2
12321108	8	1
14983109	3	1
4753479	5	1
15312749	7	0
9382674	18	5
13958432	0	0
26065414	3	0
7262924	5	16
7998889	13	7
6201434	65	16
22108951	0	0
27445764	16	92
11944603	1	3
7769295	19	16
5372223	9	2
8375875	1	9
6521848	0	4
12242889	137	12
29220568	1	0
31239349	0	0
22304629	0	0
7496892	9	2
10573221	7	24
12828158	6	2
6816769	2	3
15928106	0	35
6850453	49	10
9875656	6	10
14637366	3	0
11664544	5	0
9508821	1	1
30651880	6	2
32951526	2	0
11125016	31	20
5732983	52	6
5911839	18	1
15761230	6	2
5183500	14	3
23588813	109	55
24214979	1	0
9007843	6	0
28655062	0	0
22516256	0	0
10016175	2	0
7528822	17	7
28044690	1	1
15694011	13	2
19018354	5	12
25195306	0	0
8756290	22	34
7849450	5	1
15072520	0	0
9019467	9	10
11953646	1	3
14382853	1	2
34421710	1	0
14026870	0	6
11632159	4	9
14849103	1	3
8996132	28	252
35534134	0	0
24531824	88	12
29117590	1	1
16620639	1	14
8511579	2	7
17923543	0	0
12778199	5	4
26549336	0	0
12457634	22	20
5840777	18	9
19847977	0	0
13528765	15	1
5894515	447	245
23890433	9	5
7498131	10	3
5815080	12	1
9866134	16	3
12903970	1	0
30562174	0	1
12114730	63	169
15448744	0	1
4931692	400	28
10144975	3	1
27595311	7	41
20320087	1	1
6410947	0	16
5189602	11	4
11696359	6	9
4980686	175	139
15653580	7	1
26359673	7	0
27038682	1	2
6292822	4	9
6331243	11	2
7976944	43	61
6210808	1791	254
10943024	26	5
19175941	66	8
21178267	1	0
26797790	2	1
24156773	7	0
13527546	7	42
33946485	10	1
15205791	4	2
10688601	8	19
10836975	5	6
8649409	43	4
11333208	33	3
14720474	0	0
19139284	152	28
10525074	2	0
15158991	82	14
7460935	27	10
27320595	0	0
25421266	4	0
29276662	15	13
14560064	20	1
34617256	1	0
21290146	3	5
19189171	19	16
14407545	136	47
7563593	2	2
10797198	6	1
22303531	276	20
7978798	9	2
14419091	24	24
15635572	3	2
13365024	1	0
5640964	0	0
11763129	15	2
6578985	50	3
28017462	2	0
14979650	61	2
11267026	87	189
13069646	1	1
10756575	71	71
4813056	79	31
5213499	35	192
12405794	2	0
8608632	3	0
14529740	2	0
6268323	16	1
31888720	1	0
14939497	2	0
19797202	0	2
25538716	0	0
15026444	0	0
31991918	5	0
12177211	1	3
6206198	48	12
22387669	1	0
7158937	9	5
17534167	2	1
5125129	7	0
15797800	8	1
21071569	1	4
23681492	1	0
33709074	12	6
13771755	3	5
20802220	4	1
5772995	3	2
24942448	3	2
31945441	4	0
5719671	5	7
11529642	0	0
15466855	6	19
6820022	116	68
14115294	1	0
8052125	3	0
7853977	16	6
6707401	10	57
11906897	0	0
15056366	2	27
9217108	11	3
12008811	22	4
5790013	4	12
4823961	5	0
6558733	74	44
10852168	5	71
9374627	8	24
17040348	5	0
4754257	17	15
14491720	2	0
13888401	0	0
14651293	2	6
18058606	2	0
14275631	6	0
21771754	0	0
9940309	26	4
15246993	5	0
12158057	39	35
12134681	6	4
7219575	17	29
10281268	3	4
23482865	1	0
10098739	22	16
24729629	1	1
35374090	0	0
6018968	1	0
23364668	0	0
27747225	1	1
12035776	1	2
25555744	0	0
5243451	10	2
13201769	16	1
10513907	1	3
13736306	4	0
31387625	5	0
9974039	1	1
15565399	1	9
34664566	1	1
25242187	44	13
5655992	11	11
12419457	0	4
14765641	21	29
15161003	2	4
15711859	6	1
16393251	1	0
9333591	1	0
14022963	0	0
31120271	0	1
10787595	27	15
31016947	29	31
7441483	24	4
7016820	126	19
9690670	0	4
14619430	1	0
23866205	0	0
26810930	0	0
13418665	7	3
13254028	5	0
20236903	0	0
7259758	10	5
11052206	2	0
12542658	27	35
11248829	1	8
13817126	10	95
32783202	1	0
15949743	0	0
15966100	1	2
15701503	0	0
8608430	105	39
22691093	1	1
34972430	1	0
6926753	172	383
17334535	7	3
33951708	2	0
17464375	22	1
17945131	20	30
8681296	2	6
17412571	3	2
34880669	1	0
10801498	1	5
35483236	1	2
18618880	1	0
12923199	2	2
5212162	3	3
30106742	0	3
31966241	30	14
16853913	17	268
14692804	1	10
4742694	9	57
6332311	11	3
13309810	3	36
11874961	7	4
19701775	0	0
6906063	1	0
33784815	0	0
16385958	0	0
14666612	3	0
28795546	2	8
32646492	64	18
10729725	31	12
12103250	1	0
5519350	58	8
11797450	2	4
11633970	7	0
11588748	1	6
13007748	0	7
11378083	4	11
8586460	7	7
15467700	7	0
6901345	15	32
11139179	1	0
11143933	21	78
14548791	196	133
6623722	18	21
16349142	22	4
15174072	9	12
12506841	46	8
10882301	6	14
28509679	11	35
5860253	15	10
11404869	1	1
11388733	1	1
16249611	4	0
8473999	5	5
11703374	119	54
12021612	1	0
13098097	6	2
26415581	0	0
10315302	12	7
28545862	0	0
35475151	3	1
8412465	24	5
31313364	0	1
8867352	13	16
22916363	0	6
26201390	1	7
7887285	41	2
18817486	2	2
10798267	4	1
10813949	108	25
9465215	36	11
10670385	18	7
13719258	2	1
14356347	2	0
18153295	14	11
5629663	17	8
6869158	59	10
13374725	0	0
31222639	0	0
14476215	19	0
4939578	28	22
10856215	0	0
33605838	0	0
7927632	221	73
14081383	3	0
14889099	7	0
33112887	2	1
34862093	1	0
15269404	0	1
11498139	6	0
5347207	11	12
6672074	305	312
13591989	33	9
15721128	0	11
9400001	1	22
9466679	9	2
25689148	6	8
6074028	11	5
33202386	3	2
12703489	5	5
13804287	3	22
8689702	7	0
12365106	10	3
18765025	2	0
27430011	1	1
31799234	0	0
20400742	0	0
5358851	21	0
13128219	2	0
13164839	3	3
14190728	0	1
13019039	29	7
14799854	0	40
6481179	60	39
12166615	5	4
9108511	63	219
7027651	9	34
29595580	8	69
14825839	2	2
5415486	4	1
27965949	0	1
21040432	11	6
12434364	3	0
8676047	1	0
15186939	4	0
23785415	2	0
35378512	0	0
20914918	1	1
13504247	2	6
9881440	12	4
6060114	0	0
10224041	0	104
10671203	12	0
28815664	3	6
11619318	17	30
20914810	19	71
21377941	1	2
31250431	3	20
20774101	5	3
8863458	15	4
12604612	1	0
6294950	33	10
21626815	0	1
32417505	1	0
33272961	0	0
27859419	1	1
24707723	1	1
11712613	30	1
6156307	9	6
21792952	256	47
9720573	6	5
12244359	0	14
7184695	9	17
33316092	2	0
19788664	7	8
27713229	6	2
17008431	4	4
17339002	1	3
9671826	1	2
5091362	6	4
7600437	10	5
14172766	2	0
5504522	3	10
27925392	0	0
5918033	16	12
7671571	26	3
29539486	0	0
15847240	5	2
9407463	11	3
13986181	3	38
6981685	38	17
10997659	1	0
7003466	10	8
20647144	95	39
9210316	46	0
12433157	0	0
6496893	14	183
15488766	157	21
8914054	4	8
12436011	3	1
12623941	9	59
19462447	1	0
14249501	2	1
15648120	2	0
17325799	11	11
27644724	59	6
8629021	12	2
31612891	2	1
24417212	9	8
4720064	6	11
7062399	2	7
33159387	77	18
7567472	63	624
13633174	9	1
10031951	12	6
14659351	2	1
14768874	225	414
27364785	1	0
10366047	2	2
7442071	6	5
6837947	11	54
16222888	32	2
9113915	3	21
8780894	109	21
32894313	1	1
21186478	4	2
6369720	67	62
27432132	1	0
26698334	3	55
14992932	1	1
11491498	8	1
7623938	0	2
31502126	0	13
7170117	1	3
11967007	10	44
29224195	0	9
30344885	1	2
14350740	18	4
13799907	34	2
7168413	168	157
15974443	8	0
23930480	1	1
7849640	89	153
5684429	5	7
17719765	5	1
15829777	20	8
27935406	0	0
7920670	0	0
32971317	1	0
21325588	3	0
23434682	0	1
5485240	0	0
5235982	7	5
14248835	0	0
7831564	11	0
6035932	109	62
12072029	5	1
5197113	19	8
23409008	7	2
9707784	21	12
12503533	45	58
10830146	33	10
14447848	1	1
27039030	2	0
29221858	9	3
4759594	59	223
11687772	2	0
5563213	5	1
13266548	6	1
23672900	2	0
7072794	18	19
14031244	3	1
10883192	13	96
8310190	2	1
20725480	1	3
29964652	0	1
6165928	2	3
12569231	1300	174
8256606	1	0
12670409	4	5
16991403	26	20
6631630	16	6
14753975	3	2
4782539	3	1
21689383	4	54
16281150	4	5
31054436	29	9
13014356	71	5
13924097	12	148
24109406	90	34
12975993	440	107
32544657	0	0
22688588	1	1
6067942	85	1
22303600	129	9
28155256	0	0
7423831	3	1
8940338	15	62
23658761	0	4
10698113	226	156
33058530	0	0
29153971	1	0
4943167	9	0
18810010	8	8
15949610	7	23
14576724	6	9
32248860	2	1
5317280	13	143
14214056	1	15
9393501	27	32
11363911	3	12
16248471	1	2
27119796	52	4
13639421	5	18
27635076	1	0
17042961	5	3
5452775	17	5
14795345	1	3
20954098	0	1
22533878	0	23
14492405	5	0
32076702	1	0
6300452	6	15
10053295	3	16
34145884	1	0
31423868	0	0
18082153	11	2
28066353	9	4
11146576	1	0
35527669	10	6
20927140	20	2
12173358	11	10
33010884	3	0
12000466	5	13
6622336	0	0
16221034	2	4
31055798	0	4
13511215	2	0
11798624	5	0
8106909	19	1
24455603	1	1
11023618	3	1
9169393	71	150
7889099	6	3
23387156	0	1
18467077	0	0
25662502	3	0
29810404	0	1
34515934	0	0
12009877	7	4
21196915	0	2
8642653	112	32
20570131	2	2
11535218	4	5
13116639	1	0
25862638	19	9
7344479	6	99
33424418	12	15
15865238	3	2
15877440	1	1
28700332	1	0
11211964	675	65
8245511	13	2
12190139	760	61
12409507	2	3
20872876	18	3
31962842	1	0
9205611	5	4
6519683	4	0
27403128	3	4
4967609	8	2
32629086	9	1
29300965	1	3
9477637	18	27
26564567	2	0
6164954	16	238
14245423	0	0
6853712	64	23
20190913	0	0
24346574	0	0
18033070	1	1
33418166	2	0
12353926	4	2
17071245	4	11
27683910	0	1
24407333	0	0
9822677	25	11
21337786	46	28
5834610	148	718
25455385	0	2
27601635	1	0
5993812	5	5
11151161	3	0
15624578	2	0
6597938	14	21
33172257	1	8
8208691	15	3
19372276	0	0
18121285	3	3
7810646	0	0
32090895	0	0
29401942	2	0
23773367	1	0
15782829	4	8
6692964	9	0
4748586	426	21
6994564	40	13
31330843	2	0
9010929	1	2
11305348	0	0
5673261	28	29
33594843	1	1
22968065	7	0
22001146	2	0
24013361	1	0
4967027	2	13
34656379	36	6
21585760	2	1
10615720	2	4
15656321	5	0
28403335	0	0
29424928	2	1
24241202	23	12
5013098	16	21
14933960	2	2
8251444	2	0
4962473	10	0
10707308	1	1
13877064	2	0
15662890	2	4
8843964	138	16
8175084	7	5
13023437	46	21
30515713	9	3
4821711	44	3
28395166	1	0
25392793	2	1
32847090	2	0
11610646	98	18
23549024	34	4
5927019	4	28
9842881	8	207
11932419	0	0
8535082	10	10
13666447	1	2
26623487	1	6
12141483	0	6
28453537	6	14
29204410	1	0
11638388	1	10
13246355	15	0
9746412	34	1
9735745	9	5
21186892	3	14
25486231	1	0
21143575	2	0
5931123	6	0
11471630	9	2
12672622	67	82
19335727	0	1
6000843	0	0
5587558	2	0
12653239	2	1
27795504	1	0
9789180	9	6
20212408	1	0
24985180	1	1
31743959	0	0
5826303	8	39
5201301	0	3
15369011	8	0
10092225	2	2
29761975	0	0
6450469	53	18
8802236	1	0
16277843	6	5
8589573	10	13
34083211	22	1
14547693	10	0
26725994	1	0
32643873	1	0
29507500	0	0
9859598	1	0
11227021	28	4
29393836	1	1
6507228	12	2
14920493	1	0
11402156	7	4
10580245	10	17
27396141	1	2
12830645	162	285
7608553	74	473
25211728	2	6
27883854	0	4
21304021	6	32
32200617	19	6
5896023	95	15
23246012	44	12
27375714	0	1
4901068	61	2
11104571	6	45
5199580	5	11
10070605	0	9
5729597	63	13
14870605	1	0
27388317	7	3
9122527	9	0
15175648	1	0
21928429	4	6
26115502	0	0
9320348	267	109
12627761	12	2
5183880	8	43
5175250	11	85
12080703	2	1
32987568	1	1
10480125	58	45
19081222	2	3
5030528	52	28
13614196	0	1
8966737	4	10
33292350	2	0
32429427	0	0
11678477	13	29
7739993	44	48
9294741	1	3
16019834	5	6
5408764	7	0
12810665	6	0
23255294	3	0
26665739	8	0
29169733	0	1
15382626	2	0
33431438	1	1
15720344	5	1
25638793	2	2
7780204	17	3
12284397	46	8
5159924	7	6
10453950	6	4
24342281	0	6
4715598	21	1
14006640	8	1
7324910	4	0
24757910	1	0
4934767	49	22
12015894	15	8
17541646	1	0
10037523	4	1
4975562	38	2
12289207	3	0
7147755	0	0
12583214	45	71
22756160	8	1
13271264	1	1
32349972	1	0
34939055	0	0
16073549	2	4
30713441	0	0
8271154	1	0
7254163	7	231
23105999	3	0
5840332	5	1
8647427	59	66
8344211	211	220
15906582	0	7
23027066	3672	3622
5012906	7	11
12871146	19	10
22306615	28	18
15105233	3	1
29858338	4	25
4735029	1	0
11544756	6	1
25491388	13	4
6229947	29	4
10972894	11	1
19716433	4	3
9396384	3	12
9991957	66	30
8232402	27	2
13966191	186	8
11553107	9	12
11291692	2	2
35471572	2	0
27658416	7	4
8657179	29	54
10257427	37	14
11923132	86	25
34356715	2	0
19355875	2	3
33477065	2	0
10584379	10	12
14992118	4	10
15778610	3	1
12629936	1	6
16287556	3	7
32123400	1	5
22483868	3	0
13154258	0	1
14524559	39	87
14651913	5	1
5400258	0	2
12559637	0	0
17871250	1	0
21360088	9	5
23054300	184	93
25464364	18	108
21053500	24	21
7995412	137	19
9413162	8	5
12645473	0	2
16862085	1	0
6709644	1	5
33856524	1	1
29695741	2	0
30194777	0	0
35429365	101	10
12968902	5	21
6597967	28	25
14688659	7	0
26544944	5	0
15283212	11	4
6481439	145	217
15794399	26	12
29792893	3	13
11210152	19	32
5161049	10	34
7017055	9	30
12507363	25	53
28513705	2	1
34859960	1	0
4885431	1112	631
33346817	10	2
34702617	1	1
19331818	3	1
12963702	74	25
8380676	296	259
16229323	1	0
7509111	55	24
10393531	29	17
8228945	10	3
25102375	3	1
14321103	2	0
32500782	88	41
30757236	0	1
13223693	1	0
13933708	5	4
21113053	1	0
22640015	0	0
34672783	2	4
15084061	29	41
8340434	8	13
17422690	0	0
23616026	3	2
8607272	3	1
33790521	0	1
11864473	5	1
19105369	3	2
10594525	2	1
7112676	8	2
32923512	0	2
34398667	0	1
6631676	55	3
29872021	1	4
29645722	0	0
31973975	5	5
10971481	1	2
28144228	5	0
4910823	20	5
8006243	4	0
12287984	1	2
23754362	6	2
28012062	1	0
12508491	2	0
20060518	43	11
26592155	5	1
17740645	0	0
7506629	4	8
10382491	2	16
33821265	0	0
24035048	0	0
15011005	5	18
12980754	7	2
5246496	20	0
33507461	0	0
25657114	3	15
11126201	0	0
29385109	0	0
5177344	52	10
5340344	96	11
33370469	1	0
15527416	1	0
12576457	9	16
13815552	5	40
5511148	3	221
8242888	41	9
6592648	1	2
8222104	3	2
31203979	5	0
9998557	248	105
6481180	43	24
15295243	4	6
17102994	7	14
8838914	52	157
8556289	2	2
9917895	0	1
15866713	0	0
12809097	0	0
15761582	7	0
11836372	1	2
13300937	5	1
34426414	16	19
7283678	87	22
11341325	0	0
5802521	42	22
11751199	3	0
9525810	5	44
9690243	9	8
31780727	1	3
4850747	5	259
11789859	2	0
29114419	12	7
8632324	4	7
9744163	26	9
29493985	0	0
10085431	46	13
18268612	3	4
6655693	36	26
8528715	11	1
6310415	9	2
8059388	15	2
11888081	6	0
5853012	2	1
10386145	9	15
14156070	3	7
18066031	9	12
11660693	0	0
17758549	47	21
24495095	14	11
25469158	2	1
7800030	16	1
32789532	5	1
26845748	0	0
12678985	4	2
23832386	0	3
9265647	15	28
9590683	13	8
5047675	2	19
5898575	383	19
34510627	1	0
11627117	13	1
25012849	1	0
26437736	3	0
12663950	2	4
22411969	2	0
31025269	1	0
5489500	35	0
20991241	22	36
5818177	136	12
6200001	16	9
13147424	8	2
15461649	1	26
12211286	2	1
4929474	2	47
5963675	109	37
6708509	32	39
10799325	7	0
7817869	220	55
12859032	165	217
5408644	266	121
13413659	5	5
24289277	4	2
12159712	2	1
6205530	152	17
7987360	3	2
27032577	1	10
13817296	10	25
7934535	37	26
15177155	106	28
10339039	30	8
13124621	0	0
6729481	63	2
11293381	2	3
24651104	1	1
8600407	9	2
25202032	0	0
12323775	0	0
23603588	0	0
32416572	0	0
21200860	1	1
11981177	2	0
23333213	2	7
10502664	10	0
6653719	19	0
10825370	5	13
7229247	4	10
10163856	200	257
13687517	3	22
32737254	2	1
7459170	2	2
16668954	1	0
5968449	29	56
10434747	2	0
9182979	15	14
24228134	7	2
9288975	2	2
11273916	3	12
21397537	28	15
22748207	7	0
24182462	1	1
19063414	0	4
8950450	258	108
10589011	13	0
22598897	17	7
32259813	0	0
20549458	5	44
5304468	37	2
32331243	0	0
6152995	13	14
24031289	3	1
7255882	77	140
19718827	4	2
7641537	1	0
34565878	0	0
5112028	253	14
32323062	0	0
7212020	2	0
13872716	0	0
9805471	2	1
27755418	2	0
11122430	13	1
9153717	159	10
22614497	2	0
16591983	3	3
31505195	0	2
5890951	3	0
14055874	0	0
10827204	9	1
21212557	0	3
32173869	0	3
16749393	0	1
15335625	4	8
27459732	1	0
31990202	4	0
32439720	1	0
10731144	23	0
8354250	247	13
13871669	5	3
25745797	4	4
5197555	8	2
7911761	91	68
5483706	0	1
30950131	1	0
12699591	7	1
7548662	1	2
15740343	12	1
8976010	180	88
5893902	706	323
30416078	0	2
5513741	21	8
9939686	1	1
15420520	40	16
23786834	0	0
30673726	97	55
8078246	12	1
34881464	0	1
17279638	3	0
8360529	1	0
22066867	2	0
23928044	5	14
30595018	3	0
22297210	7	1
15608033	0	0
6385576	10	1
25874563	2	6
26235233	0	19
8573801	1	1
31427939	1	1
14502050	381	337
7001430	866	399
7426447	119	44
8718038	5	25
6688426	5	1
7104770	1	3
14494488	5	61
10526214	4	0
9577783	1	1
16333635	1	0
15489892	31	16
6728439	32	8
7349964	20	5
10015073	2	4
9462865	5	4
29666911	1	1
30942643	0	0
32255034	1	2
9608892	0	2
9173922	17	3
31658582	0	0
18687934	3	2
7951152	54	5
5395504	10	14
11619389	17	5
14086989	0	0
30412469	0	0
22065163	56	3
16624170	0	1
25521409	13	5
19563925	1	0
15571921	4	0
7395428	49	7
11761401	0	1
11124103	11	3
19599430	1	1
24553859	5	4
13819709	7	2
32679240	34	8
24329501	11	22
15801974	1	6
9537783	0	0
9859434	7	1
7372161	3	2
13350707	0	2
6552208	10	3
18644620	4	0
4934851	403	77
12564330	1	0
13577190	79	13
15588060	9	1
6648509	48	9
26832902	0	0
29231875	0	2
7583449	2	3
33909021	10	5
34349356	1	0
26746325	1	0
13931084	3	1
7488205	47	63
5877196	3	49
22215217	1	1
10410418	1	0
23196965	0	0
7541902	8	4
12287352	4	25
12394204	4	2
7013380	1	10
13816756	5	6
6166270	1	0
31575748	1	0
4869759	120	6
5261419	2	10
23203898	116	381
9165327	27	6
25049257	0	1
7501833	6	12
7349601	10	7
10302920	2	3
14848496	2	0
32271399	0	0
17111295	2	0
24797387	0	0
19560013	5	0
12836153	126	164
14139373	39	1
23682035	0	0
15968964	6	0
13430733	0	0
11124819	1	1
8890976	11	5
14008820	1	14
21533056	0	3
27317616	0	2
25126414	0	0
9395945	6	7
12361010	2	1
10866201	1	0
24022907	591	53
7581836	20	2
5472975	23	7
22747088	0	1
16280992	1	1
35173225	3	0
12479173	0	0
28048017	1	0
15548038	2	8
6399596	38	10
10337670	1	1
20095549	3	2
16291311	13	0
13747639	0	0
28121488	6	0
7019875	0	1
22994162	1	0
14844341	172	239
5130781	8	57
9167026	4	34
13146394	6	0
5310458	14	5
30804798	6	1
6534519	16	66
34532464	16	9
5319776	11	9
27192090	0	0
33161319	0	0
8628708	3	0
10584607	24	5
12300321	12	0
8299869	45	3
14271909	0	6
15188623	2	5
14761243	24	9
29138029	0	0
5836825	3	16
5899754	3	36
25007155	2	35
9338305	5	1
15602605	3	7
15061317	45	55
19359457	3	9
15244567	1	19
17347957	26	1
9646370	29	6
27551478	2	36
29736979	19	15
22447939	1	3
5520917	9	51
9699365	13	27
23469680	1	1
23895131	3	1
22805318	2	0
13876111	1	0
14035657	6	4
32713845	1	1
9491620	0	0
35225830	29	4
18038326	0	0
15448380	4	4
7333972	16	91
8264605	24	3
5312902	12	22
15789674	0	0
16094998	3	7
8238525	17	6
12966263	45	18
17729113	71	67
13632897	0	0
17398933	1	0
13905258	2	7
13727033	38	6
12782127	11	8
14081362	4	1
8469154	3	3
16175023	3	4
15951746	36	6
25342030	1	1
10518172	0	0
10327828	26	1
11009785	2	2
18225253	5	0
5571857	0	0
12374084	2	1
14784347	0	2
35123744	1	1
9363721	11	0
8989183	47	22
5555419	10	22
4813034	16	9
12892103	0	1
7583197	21	30
14659316	166	150
21402415	4	2
14478377	8	17
17147677	16	0
12328863	10	1
9198304	24	21
5285528	1	0
23622575	3	1
26038306	3	1
13308214	0	0
11727904	0	0
12994167	1	7
12109362	2	2
16183822	3	3
5262579	8	10
6600573	12	2
28350355	10	1
28788619	239	39
10430276	20	0
20573443	1	1
19738579	5	0
20899537	4	1
5690331	26	41
15180765	0	0
17474869	0	0
5512368	5	0
20459326	1	1
26793035	2	0
10390958	15	19
33322950	1	16
13027507	5	4
12671857	3	0
6676006	121	42
9703051	0	1
5352928	0	0
26369960	3	0
6755767	2	5
12780526	1	0
27635805	0	0
5200044	136	78
32664216	1	9
27603687	1	1
15235762	11	5
14350338	0	0
15335923	2	0
15191752	0	0
8824910	0	1
13901976	305	23
15184945	27	3
20347546	0	0
33649083	1	0
4723697	11	3
11013936	1	0
13053694	0	0
6161092	1	0
20315446	2	1
18279067	1	1
5358563	48	17
9416297	81	6
7515892	22	2
33139077	1	0
27583818	3	4
9825129	16	1
12733380	0	0
29645590	0	1
5284223	16	4
31861910	0	0
29037208	3	0
16154986	14	4
24543860	1	1
26816429	2	1
5890124	25	25
5090749	213	17
30758217	7	0
32263704	1	2
31291877	1	1
32356818	0	1
12370903	18	3
30161858	1	0
29240125	0	0
7369096	45	35
11161541	91	3
14500529	3	12
11164513	12	48
30203534	8	0
6725013	7	1
8621313	0	0
11791432	127	19
32079960	8	1
16087560	1	0
21583129	20	25
34892855	1	1
8596403	0	0
24762902	1008	255
10854278	12	4
30187418	1	0
9675735	27	15
14789060	3	0
7684030	12	172
8716275	40	43
19477159	0	1
7207273	1	0
24073418	6	3
14951930	0	0
34726140	0	1
5822900	11	10
31468388	0	0
8370530	2	5
13359192	4	0
22244719	1	1
27530031	2	1
23631623	9	37
11872367	1	7
19570021	1	1
8630683	4	10
33715296	1	0
4784274	3	8
5988266	229	8
9398387	7	3
30239042	0	0
16828980	1	0
18065452	5	5
25352038	4	0
15181197	78	301
6282350	46	29
12913533	1	0
9499472	9	55
6223428	1	44
9872733	3	1
9071193	2	4
16010840	2	0
32250786	3	2
14756867	6	0
10243601	10	2
9025020	0	1
20843257	3	0
29423971	1	0
8588502	3	0
12670874	3	4
13825892	3	0
21898951	18	24
11760888	4	1
24028943	0	0
14376629	1	3
16151953	0	0
31727981	0	0
14870859	2	1
26590736	5	0
23354543	1	1
15278422	12	2
25710949	0	1
12638232	2	2
30797274	1	1
18004129	1	1
14830010	3	0
9508649	312	1492
33727335	2	1
8655527	69	29
10424757	8	2
12470032	12	37
26826665	4	97
30457736	31	27
19565614	5	1
28780630	17	5
6623112	94	46
28504207	2	0
5067628	1253	168
9316545	5	6
6306962	9	8
9748975	48	1
6796136	11	19
26011897	2	24
12559112	3	4
24795206	0	0
6644261	91	24
12498877	2	2
13214397	0	1
21953884	1	0
14393112	35	13
11820734	19	6
5093994	1	0
5841467	9	0
20378518	49	11
28217467	67	3
8293510	4	6
7073376	8	2
11934306	41	21
8666888	3	0
12243066	137	106
30056551	1	0
21420751	30	36
8013110	6	6
9775610	56	74
29352271	0	0
10842789	34	11
32263074	13	3
15654902	24	24
6925171	5	1
5942655	48	9
7067691	3	0
13897280	27	2
8010130	26	63
5629246	4	0
10054766	0	0
14934037	3	2
23192585	2	3
31896985	17	27
16066073	2	0
7744577	2	5
30314369	2	1
8509915	4	1
10394425	2	2
13683708	5	4
6288067	4	4
10413609	22	41
22957226	0	0
18030844	144	105
7316699	121	96
8166778	15	1
14031756	9	1
33248514	1	4
4853039	50	75
5678137	5	11
14025987	52	12
5375292	1	1
13779028	5	12
15681105	8	0
9617718	2	1
11122395	3	35
34981748	0	1
14092897	12	13
24109094	9	3
28350400	4	0
32828943	9	8
15579411	4	4
9267710	80	8
5390542	3	22
13524908	8	4
13752499	1	0
18547864	0	0
30891978	1	0
28423855	7	10
8095782	33	8
21473419	1	0
16036184	13	1
13570591	9	0
19327432	0	1
12032558	7	1
13827221	98	103
13305956	7	13
5110828	16	1
25428625	2	1
23301092	11	2
7704705	5	6
34243153	0	0
21224968	0	0
24132491	24	13
29945731	1	0
29620516	0	0
17325838	1	0
16208037	64	31
10662028	6	8
14222174	6	5
24186701	41	4
5576869	72	16
26257802	1	5
7218786	14	14
14840301	37	20
5716057	6	7
10275492	2	5
13097765	2	0
14464884	2	4
16117128	8	0
33436427	0	0
9909316	48	68
14243965	1	22
8243542	1	3
7172343	4	1
13478274	21	3
17749090	2	0
28601047	2	0
14653222	5	1
29577784	1	0
8811909	107	56
14436261	5	4
4711848	118	181
15014513	2	26
35196193	10	0
11180789	10	52
20563234	1	1
13238694	8	4
10841041	35	27
18000622	43	10
5774166	48	154
28797526	0	0
11291945	5	5
31083218	0	1
13407366	1	4
17900065	1	3
29359918	1	0
24542681	1	0
26409791	3	15
8064699	61	37
14359244	37	14
25488973	5	29
33748530	1	0
23529308	121	16
20898538	3	4
21245245	2	2
9603411	5	17
27211194	4	2
32698212	2	1
12768059	0	6
20223733	4	18
12837940	72	17
24797324	42	9
9791379	1	2
6984756	2	0
12863205	0	13
6258510	16	2
29314819	56	40
16645446	21	17
26005159	0	3
8201159	19	14
18410011	6	11
12234170	6	0
12910099	18	4
12392482	3	1
15555280	4	0
20634529	10	3
12583027	1	0
5834249	16	2
32813232	1	2
15826267	44	8
10733650	2	1
9286820	2	0
13443407	51	38
11618038	1	0
16385502	7	4
10202524	6	6
24600827	0	0
33995562	20	4
12563035	1	3
4860124	5	1
23469056	0	0
6793713	4	2
5944379	37	1
15467581	5	16
32459874	0	0
9134563	35	1
9990212	123	730
7301088	91	8
25781608	1	3
7395311	10	4
14081427	6	1
26490188	44	18
13111693	3	7
16926885	3	0
9553478	0	0
16048291	14	15
23498354	106	28
34238914	0	0
31044970	0	0
6094864	47	5
14087952	7	1
6068099	15	2
5249818	10	0
16376523	4	3
9213303	43	26
23206631	11	4
22304026	1	9
10622610	6	2
25950946	2	0
9655585	5	7
27141924	2	2
27286779	0	0
10833896	5	2
33420500	2	0
6446616	3	22
9922740	60	57
25759567	3	2
15303629	1	1
25414942	1	0
12199781	21	16
5466164	42	42
29139043	0	0
14076767	2	0
28521049	1	0
16011869	687	66
7519123	17	9
8199070	2	100
19958893	2	1
21092086	5	2
7127639	8	2
18386908	3	0
20799958	1	0
24719741	1	0
7430510	1	0
11218337	5	15
23621234	0	1
12053522	3	28
8211271	4	8
10345431	10	20
6802423	1	0
15944346	2	2
8078697	9	7
21704617	5	1
24511442	5	8
7197152	1	1
8967259	2	0
7661942	7	0
5684179	61	27
24394691	1	4
5447797	2	4
14674211	6	15
24554102	2	2
10954566	14	1
26786975	1	0
32310459	30	8
9383128	2	138
14209735	2	0
20588521	0	1
7351170	10	0
7411876	8	6
16932099	1	0
27904818	3	1
31397894	1	0
11474305	1	4
26685152	0	1
10414158	3	1
14257699	5	25
18146992	73	30
5009958	64	123
34014183	1	1
9863289	13	0
10729035	1	0
11771227	4	92
12357544	6	18
12145562	1	0
26376263	3	6
15444791	0	1
25207018	2	2
7756278	6	2
15784327	0	1
34388203	1	0
6066786	2	1
34586458	0	0
7840718	280	208
13436549	0	0
6197895	26	10
5543611	80	3
14503096	84	49
32971860	1	5
5623880	0	0
32416677	0	6
21174397	0	0
5839567	33	10
5985666	22	7
18251080	0	0
25969273	0	0
10187764	365	58
24932831	1	0
13636736	30	0
14915940	3	122
9509817	67	5
5862927	54	111
31992548	0	0
26407115	12	2
11364631	41	25
5017019	7	0
9599116	5	1
20236222	16	0
7582656	18	3
6606901	3	1
32895078	0	0
14446810	17	1
7758652	17	11
32690511	0	1
12751480	16	14
31212007	1	4
10668584	1	0
35087144	0	0
7400187	17	76
20700103	2	0
21991771	1	4
10741753	10	12
5731008	7	6
9189255	15	117
13513492	13	2
15522478	1	1
8934092	11	2
5983102	65	54
23973281	90	54
7107813	13	8
33297306	1	2
19701967	5	0
16612296	2	1
17785846	3	7
22854170	6	7
31551658	0	0
18640474	15	56
15646663	12	2
28880578	1	1
31021801	379	58
34092511	1	1
8092299	3	44
7928967	10	19
11945187	7	37
34292128	1	0
7435824	4	2
8348307	1	0
4926318	5	1
11315827	10	0
5345801	66	8
4775115	19	7
20335003	19	20
6087194	0	0
15649401	0	1
9640129	53	29
6341063	4	22
11945499	20	4
13475113	15	7
22009042	2	0
22196419	1	1
33715659	0	0
13635805	29	39
14522679	399	142
7033046	2	7
10890358	0	0
11486102	7	23
26302046	3	1
27532095	1	0
4728946	57	15
15711493	119	189
31677740	1	0
7409816	8	0
10819872	1	3
28662079	5	1
35162389	2	0
14010927	216	24
20683504	552	106
5337324	357	22
14839087	4	12
30290273	4	3
7742420	2	3
6360486	12	7
32995470	0	0
12013952	1	2
9180308	20	21
5602043	10	10
19495681	11	3
6378977	108	21
11682779	6	11
28951540	19	1
12657239	0	0
6458707	37	14
30842694	475	37
15340873	6	0
13321153	14	18
17399008	2	6
8495126	24	63
7242613	245	133
9531776	5	6
6370976	9	5
17129388	3	3
26425172	6	4
11860867	4	10
4879441	1	14
11920539	41	21
21765520	1	0
12763987	2	20
8834795	6	20
17327494	2	1
22513133	1	0
12583047	4	4
13523165	94	60
12626794	3	0
6769940	11	46
12163221	20	4
22951859	1	0
11123273	6	6
5722471	4	39
18475723	0	0
7490619	15	27
23445611	5	2
9077046	4	34
28139824	2	0
16269737	1	1
34246288	0	0
16271122	1	0
28371133	3	1
29131684	0	1
26110324	0	0
15298485	7	64
12331520	21	6
14266916	10	0
20343637	1	0
14088396	7	0
8235048	90	16
10883620	1	0
14067062	13	37
18319387	5	5
13312073	6	62
20055073	0	1
7813827	49	36
6609491	36	1
35029916	0	0
6031899	45	33
11323216	4	0
23033183	2	1
9703914	20	13
35081855	1	0
8810053	25	68
5297955	16	1
32821575	1	0
11824785	1	1
30216527	2	5
9565026	2	0
12112726	6	14
15345450	0	1
7502519	2	5
23910962	1	0
5548008	45	11
5288010	128	211
16164357	1	1
14756758	5	0
12141642	2	5
12045733	2	0
32101902	0	0
6218035	49	13
24408662	126	18
29109673	0	0
8668747	3	5
10194157	5	0
7643890	0	2
13279709	1	1
14759514	10	6
19930975	0	0
30006508	25	5
26259056	1	1
13854640	2	146
8061413	5	21
29887972	1	0
19403455	1	99
22318969	21	2
13559588	15	85
9235449	1	1
11322523	7	24
15068041	8	6
4735279	2	0
11411405	6	190
8437184	98	13
11267983	36	6
11546023	7	1
7300868	3	1
29975200	5	2
35505397	0	1
12710777	0	0
14895516	4	1
30210428	0	0
7944601	20	142
12961152	17	3
14193928	1	20
15640752	6	4
33304998	1	1
8170629	13	0
10904357	5	20
23203094	1	10
32185101	4	0
26078923	12	0
14509505	0	1
14788809	8	1
5487996	0	0
25692151	4	6
29904094	0	0
16343127	5	5
6336654	6	6
14124360	174	60
9094300	4	0
21809626	0	1
13620653	11	37
4753611	13	7
12209658	91	29
27893826	2	1
19098418	27	32
7137987	39	1
9686287	6	0
32214018	4	0
12603264	25	13
13696554	1	0
9902094	6	4
25625455	0	1
13746741	3	0
27813501	67	25
13292558	1	0
16210450	1	0
26933825	2	1
13036384	1	0
18124960	7	1
16293822	1	2
11534702	4	9
8289344	9	2
6477578	176	74
7165993	30	5
5628163	50	31
7525839	29	7
11412624	3	2
19806280	3	32
9812430	3	3
27681315	0	1
25082701	2	2
8649651	91	25
12764406	2	22
11208176	3	6
17875741	0	0
29437474	0	2
17786563	29	4
33760629	0	0
34742277	3	4
32854164	3	3
25511188	6	0
12187132	19	10
13099250	12	0
6718600	16	13
14482251	47	23
7357863	2	3
10938431	3	1
15369758	1	2
29390854	5	0
27051270	35	37
30507814	19	19
11071329	21	6
10759124	4	1
7125584	0	24
20887465	0	0
12354039	0	1
22197862	1	0
11978658	3	21
21230986	22	4
26256770	33	27
16212380	0	0
9312255	1	0
27290643	1	0
6540984	5	3
18990382	3	5
18587863	0	0
5982327	26	7
8244787	27	4
13364859	6	4
18362095	6	0
26388638	0	0
11313599	12	0
12382154	3	11
7599637	62	15
30313259	1	0
8936050	2	0
17715913	1	0
5484188	17	4
23797775	0	0
29981113	2	1
5046031	14	18
27145212	2	0
20803141	17	6
19711516	0	0
8174958	2	0
19657258	0	0
32385540	0	2
24862799	3	0
15433776	1	1
15896069	2	4
28482568	0	0
18842083	3	2
23846507	14	1
5773648	580	153
10902229	4	4
12503146	3	1
14017985	4	41
15906068	3	1
25575040	4	0
8172782	12	11
16774893	1	0
22902554	2	11
25718875	6	3
16238888	3	6
16789857	3	11
7635210	2	2
20663947	2	4
15600176	0	1
16917852	1	1
8851451	46	22
19874029	1	142
34530223	1	0
30202829	280	49
30430727	1	0
33902997	1	0
6077827	15	7
31244860	5	5
11130073	3	7
16155073	1	0
8804443	8	10
10920309	59	9
10012002	13	8
7447191	8	5
21607801	1	3
11894347	3	1
10713131	5	274
12149877	9	13
12934324	17	17
26162219	2	1
26852108	0	1
9385182	40	0
11260720	6	0
15261587	7	20
11320208	2	0
15944286	6	5
24807134	3	0
31014865	4	1
31510061	0	2
31934158	6	2
10765532	55	8
10595510	27	10
12398420	5	2
13981739	3	1
14278356	48	30
4999266	25	6
8451615	7	8
20290795	3	1
30024421	1	0
5244094	24	30
15675095	6	4
14078431	0	0
24100232	0	0
29592124	6	12
24188288	31	24
32323674	93	40
30299393	2	2
8393194	21	0
15586052	2	0
27924864	4	1
11861562	0	4
19665541	3	2
6139740	5	3
26365319	1	0
28665862	1	0
17425489	0	3
4755393	28	78
30647029	2	0
34167643	1	1
15936065	25	60
30671425	0	0
11955168	21	0
15671794	3	6
7715193	4	2
6652921	8	31
8412261	10	17
7903507	29	8
27374199	0	0
10925345	27	21
14419396	3	0
20310424	2	1
25365445	0	0
11717197	152	364
29601031	0	0
10482006	1	5
8816015	11	4
12255389	0	0
12753328	5	2
28244941	3	0
34396744	29	8
19091704	0	1
6168056	18	18
35098295	1	2
6335856	68	14
17443903	2	4
13798636	2	4
26927558	357	46
32283963	1	0
14445071	6	9
16634631	16	3
8610190	7	43
6657362	1	1
13428420	94	9
13811545	4	15
22032862	7	1
25546696	2	0
15008903	3	2
14676879	15	0
12383105	0	0
4866699	46	117
11399548	2	0
12711484	3	2
31740827	3	0
15882389	2	4
28779031	0	3
10187092	4	5
19436902	2	0
20558170	3	6
27926046	34	9
15228197	2	0
11371336	5	1
21240586	5	1
23141213	1	5
11403628	4	17
8401584	8	0
6739410	1	1
12642853	1	0
25046530	4	1
6893625	18	9
11254414	2	2
6572075	8	34
14857294	5	2
27940578	2	3
16002301	3	0
13014225	2	1
12594759	10	0
10880024	1	1
9388101	22	1
16115863	0	1
17562232	4	0
18015040	0	0
24100196	0	0
9899674	24	21
13643309	46	5
12451748	1	0
14856819	8	55
18451729	1	0
18003172	2	0
13851387	3	0
6989634	14	6
4848283	43	12
34577863	1	0
23852702	1	1
11039806	4	12
5220047	12	18
30898596	1	4
27141234	3557	179
20963233	0	1
11421486	10	2
5888069	8	0
8737935	3	2
22946105	1	2
20369671	2	0
28676416	16	3
15550548	1	0
12690058	3	0
11004838	1	54
17195857	8	1
9609339	47	5
6114226	37	102
10438607	3	2
9640816	191	59
24379313	1	0
35108885	1	0
33272409	1	0
14761861	1	0
20490346	1	1
13909869	4	12
8446190	120	72
15275125	3	2
10036798	4	6
10443279	4	5
5259539	22	4
11693148	2	1
9885714	19	9
5552860	29	8
10698711	2	0
13540996	1	0
10696606	4	1
29474608	12	15
26154527	2	19
31022491	0	1
10346179	0	0
19862299	0	0
8759398	17	12
35210131	3	0
32364927	11	5
5338703	88	16
7915134	36	3
10500836	14	32
26792393	2	3
30889962	0	0
17052390	3	6
28323430	0	0
28343098	2	0
27131937	3	63
6882727	13	17
12172981	93	39
6537413	11	0
35488027	1	0
33391658	2	2
10417339	289	44
8191426	16	57
31614523	1	1
5908542	13	94
13110010	2	0
5667451	1	8
13887764	15	2
9898449	3	0
10667014	187	10
14840697	1	1
25332733	6	2
17221573	8	0
13861460	5	9
24240710	0	0
6843185	75	13
13241515	1	0
7885091	30	0
25099111	6	1
6153888	53	188
5625562	58	20
13724216	3	12
10481576	5	0
22295155	2	10
14354452	2	3
10181377	29	1
30280868	0	0
13759371	2	0
22158139	0	3
34760492	2	0
8766429	34	2
25871419	1	1
28478995	4	1
31891999	0	0
34513684	1696	440
4832544	1	0
27203394	1	1
16035585	4	1
5790124	77	14
12470041	0	0
7507621	7	50
22767992	1	1
7728671	2354	132
17254486	1	4
13139254	15	3
12595975	3	28
28719526	6	1
35339845	4	1
7644482	4	0
5455541	6	21
12329625	0	0
7433031	1263	673
6121199	13	2
15588649	3	0
11219588	1	0
12818181	179	74
6810854	119	105
11747153	21	5
4877506	279	3
11805682	19	14
15475117	1	3
14692668	13	14
34047115	1	0
35521216	1	1
4893381	3	0
6407298	2	0
24746324	248	34
27593550	1	5
33943968	1	2
6519897	60	5
12720521	8	0
10095168	21	3
14517260	19	2
16255346	2	1
19929358	6	3
6378352	2	3
8203405	12	25
10461485	2	2
12231581	9	3
7161380	35	6
15323015	27	11
17187688	2	4
18486661	2	10
5757132	3	27
14750066	2	7
19004362	0	3
5426620	35	22
5830039	1	8
9894718	11	8
11755035	3	2
11216210	1	3
20522332	2	0
29029633	9	0
16721766	0	0
23444918	5	0
13784421	0	3
20457292	2	211
9246451	14	2
15931979	1947	462
19999726	1	2
21521623	10	0
29796082	1	0
12200794	3	1
34701765	0	0
13997887	51	24
8095726	16	5
11242110	1	0
28139422	0	0
8122440	1	7
13164415	51	9
13165540	1	5
9666009	3	1
9438323	7	19
30807222	0	0
23551994	2	0
12228234	4	1
17100768	3	1
7784126	243	59
12901187	4	1
6553349	23	42
10524824	53	5
15212014	2	0
19939336	6	0
13582914	0	0
9652083	2	6
4944467	3	0
10596574	0	0
13799027	9	0
7687345	4	1
15022645	4	6
17661178	17	1
24417404	27	6
14678898	1	0
16965108	2	8
26387039	10	0
11473018	4	6
9495136	227	22
10601572	2	0
29670202	3	4
4916664	45	8
24156872	2	1
5700286	29	1
11164878	175	45
23533733	1	5
27081114	0	1
20965630	42	5
28652647	0	0
5838375	10	10
29980918	1	0
19397845	2	23
12924059	10	4
25005643	3	2
13001056	1	0
32593077	0	0
31868261	1	0
18939274	2	0
8424383	0	0
15952064	14	2
21774919	5	4
28279261	2	2
18472030	40	106
15029028	7	3
32032616	2	0
6048459	13	24
7723699	14	88
11958078	3	5
5922413	4	2
15042111	10	3
15866246	0	2
35185396	1	0
26626919	1	0
33081966	1	2
10224165	25	1
14200052	2	0
14041610	4	3
18852631	1	0
35107754	3	3
13687935	3	47
14482420	3	34
8117876	19	9
5839263	9	2
15626321	16	8
13620934	3	1
29022859	16	7
24287453	9	2
25431796	13	1
11965113	5	3
33189768	1	0
14827080	0	1
29452438	0	0
12424465	10	21
6824677	5	3
25563433	0	0
20518519	32	7
23141918	50	10
6843037	27	9
8857101	5	9
16148907	1	1
21000397	1	3
28278667	0	0
8989072	0	23
4842907	0	0
7932734	67	158
8935872	4	4
5904059	43	53
12904263	4	7
19705135	12	15
25844236	2	10
20682727	2	0
31836860	0	0
29007862	12	4
7885426	117	26
21381121	6	3
28101805	1	0
14001855	29	28
12067376	26	2
15411748	117	32
6299993	31	40
10010553	0	1
7186850	0	0
9170639	30	1
16068092	2	4
11793357	36	2
13433348	15	2
32852304	0	0
12131523	11	2
10130873	4	0
12688071	92	72
31715201	1	1
6689417	1	1
16156741	3	23
8111753	18	10
13615548	40	4
27340767	4	2
10536915	1	3
30504010	0	0
17779009	2	5
6505442	110	82
6453712	16	1
6595991	302	106
12061262	11	25
11890616	18	3
5391254	9	4
11786587	3	0
8970645	22	12
34164934	2	0
5862955	7	6
30769578	12	31
25597303	1	0
28326289	1	0
7847104	5	206
5149070	15	27
8293676	39	115
4850165	27	15
14293501	14	11
14308111	1	2
8765046	1	2
33727998	2	0
19935946	7	143
7883004	31	10
11804110	4	0
28345642	1	13
12105480	2	0
6977076	6	0
15325096	26	90
17535862	17	3
15180978	9	3
31039084	1	1
6301923	127	25
9401830	13	2
16862874	21	20
19947604	2	3
13289288	8	7
31119590	3	0
7955409	3	6
6912469	484	58
16423260	1	0
25198510	24	8
5840476	245	12
13033866	4	1
15230991	0	0
10174975	8	9
5006197	30	0
27403797	3	6
6716545	107	28
14479379	10	21
7424989	3	0
11894268	2	0
22490033	5	0
5872268	6	8
8351174	7	5
20923294	1	18
31931353	0	0
13287038	74	154
20557846	1	0
27999240	0	0
27369117	1	3
5015071	3	15
8580128	0	0
31441763	4	0
14662041	1	2
13509957	1	0
7457937	67	30
27998691	8	9
28271683	4	2
31812956	1	0
32267274	1	0
14996292	43	34
12922924	6	1
14930343	52	32
17636191	1	2
28009314	3	1
7235489	1	16
30479942	1	4
8374056	0	0
11475820	5	2
7286831	45	36
6978980	8	0
13749667	6	0
14307545	0	0
24500516	166	78
12833258	1	4
32905515	0	0
4739501	2	2
30657865	0	1
12803000	33	1
9684902	0	0
15971224	10	5
18643957	6	1
11223613	1	2
31455146	0	0
34561741	1	0
13191136	2	2
